rank,signature,d_orbit_size,count,rate,wilson95_lower,wilson95_upper,check_count,label_counts,status_counts,mixed_labels
1,+++++-++-+-++++,12,11437,0.02287400,0.02246326,0.02329207,3,0_1:3,identified_unknot:3,False
2,+++--+-++--++--,12,11402,0.02280400,0.02239388,0.02322145,3,0_1:3,identified_unknot:3,False
3,+++++-++-++++++,12,11330,0.02266000,0.02225116,0.02307617,3,0_1:3,identified_unknot:3,False
4,++++--+--+-++-+,12,8395,0.01679000,0.01643756,0.01714986,3,0_1:3,identified_unknot:3,False
5,++++--++-+++-++,12,8390,0.01678000,0.01642767,0.01713976,3,0_1:3,identified_unknot:3,False
6,++++--+--+-++--,12,8318,0.01663600,0.01628517,0.01699425,3,0_1:3,identified_unknot:3,False
7,+++++-++--++-++,12,8297,0.01659400,0.01624361,0.01695182,3,0_1:3,identified_unknot:3,False
8,+++++++++++++--,12,8256,0.01651200,0.01616247,0.01686895,3,0_1:3,identified_unknot:3,False
9,++++++++++++++-,12,8233,0.01646600,0.01611696,0.01682247,3,0_1:3,identified_unknot:3,False
10,++++--++-+-++-+,12,8233,0.01646600,0.01611696,0.01682247,3,0_1:3,identified_unknot:3,False
11,+++++-++++++++-,12,8232,0.01646400,0.01611498,0.01682045,3,0_1:3,identified_unknot:3,False
12,+++++-++++--+++,12,8228,0.01645600,0.01610706,0.01681237,3,0_1:3,identified_unknot:3,False
13,+++----++-++++-,12,8227,0.01645400,0.01610509,0.01681034,3,0_1:3,identified_unknot:3,False
14,+++++-++-+--+++,12,8224,0.01644800,0.01609915,0.01680428,3,0_1:3,identified_unknot:3,False
15,++++---++--++-+,12,8207,0.01641400,0.01606551,0.01676992,3,0_1:3,identified_unknot:3,False
16,+++++-+-----++-,12,8200,0.01640000,0.01605166,0.01675578,3,0_1:3,identified_unknot:3,False
17,++++--++++-++-+,12,8199,0.01639800,0.01604968,0.01675375,3,0_1:3,identified_unknot:3,False
18,+++++---+---+--,12,8179,0.01635800,0.01601010,0.01671333,3,0_1:3,identified_unknot:3,False
19,+++++-++----+++,12,8168,0.01633600,0.01598833,0.01669110,3,0_1:3,identified_unknot:3,False
20,+++++-++----++-,12,8143,0.01628600,0.01593886,0.01664057,3,0_1:3,identified_unknot:3,False
21,++++---+++-++-+,12,8137,0.01627400,0.01592699,0.01662844,3,0_1:3,identified_unknot:3,False
22,++++++++++--+++,12,8119,0.01623800,0.01589137,0.01659206,3,0_1:3,identified_unknot:3,False
23,+++++-++--+++++,12,8110,0.01622000,0.01587356,0.01657387,3,0_1:3,identified_unknot:3,False
24,+++++-++---++++,12,8109,0.01621800,0.01587158,0.01657185,3,0_1:3,identified_unknot:3,False
25,+++++-++-+++-++,12,8108,0.01621600,0.01586960,0.01656983,3,0_1:3,identified_unknot:3,False
26,++++--++-++++++,6,5764,0.01152800,0.01123585,0.01182766,3,0_1:3,identified_unknot:3,False
27,++--+--++-+--+-,6,5748,0.01149600,0.01120425,0.01179525,3,0_1:3,identified_unknot:3,False
28,+++++-+++++++++,6,5710,0.01142000,0.01112922,0.01171829,3,0_1:3,identified_unknot:3,False
29,+++++-++++-++++,6,5709,0.01141800,0.01112725,0.01171626,3,0_1:3,identified_unknot:3,False
30,++++++-+++--+++,6,5675,0.01135000,0.01106011,0.01164739,3,0_1:3,identified_unknot:3,False
31,+++--+-++-+++--,6,5668,0.01133600,0.01104629,0.01163322,3,0_1:3,identified_unknot:3,False
32,+++++++++-+----,6,5658,0.01131600,0.01102655,0.01161296,3,0_1:3,identified_unknot:3,False
33,+++++-------+--,6,5658,0.01131600,0.01102655,0.01161296,3,0_1:3,identified_unknot:3,False
34,++++--++-+-++++,6,5651,0.01130200,0.01101273,0.01159878,3,0_1:3,identified_unknot:3,False
35,++--++-++-+--+-,6,5640,0.01128000,0.01099101,0.01157650,3,0_1:3,identified_unknot:3,False
36,+++--+--+-+++--,6,5615,0.01123000,0.01094165,0.01152586,3,0_1:3,identified_unknot:3,False
37,+++++-+-----+--,6,5594,0.01118800,0.01090019,0.01148332,3,0_1:3,identified_unknot:3,False
38,+++++++++-++---,6,5450,0.01090000,0.01061593,0.01119158,3,0_1:3,identified_unknot:3,False
39,+-++-+++-+-++-+,6,4200,0.00840000,0.00815078,0.00865678,3,0_1:3,identified_unknot:3,False
40,+++++---+---++-,6,4181,0.00836200,0.00811335,0.00861821,3,0_1:3,identified_unknot:3,False
41,+++++++++-+++--,6,4179,0.00835800,0.00810941,0.00861415,3,0_1:3,identified_unknot:3,False
42,++++---++--++--,6,4179,0.00835800,0.00810941,0.00861415,3,0_1:3,identified_unknot:3,False
43,++++----+--++--,6,4177,0.00835400,0.00810547,0.00861009,3,0_1:3,identified_unknot:3,False
44,++++--+--+-++++,6,4173,0.00834600,0.00809759,0.00860197,3,0_1:3,identified_unknot:3,False
45,++++++++--++--+,6,4161,0.00832200,0.00807395,0.00857761,3,0_1:3,identified_unknot:3,False
46,++++--+--++++++,6,4147,0.00829400,0.00804637,0.00854919,3,0_1:3,identified_unknot:3,False
47,++++--+--+--+--,6,4142,0.00828400,0.00803652,0.00853904,3,0_1:3,identified_unknot:3,False
48,+++++++++++++++,6,4089,0.00817800,0.00793212,0.00843144,3,0_1:3,identified_unknot:3,False
49,++--+--++-+-++-,6,4064,0.00812800,0.00788288,0.00838068,3,0_1:3,identified_unknot:3,False
50,+++++-++----+--,6,4062,0.00812400,0.00787894,0.00837662,3,0_1:3,identified_unknot:3,False
51,++++++++++-++++,6,4029,0.00805800,0.00781394,0.00830962,3,0_1:3,identified_unknot:3,False
52,+++++---++--++-,6,4021,0.00804200,0.00779819,0.00829337,3,0_1:3,identified_unknot:3,False
53,++++++--++--++-,6,3967,0.00793400,0.00769184,0.00818372,3,0_1:3,identified_unknot:3,False
54,+++++--+++--+++,6,3954,0.00790800,0.00766624,0.00815732,3,0_1:3,identified_unknot:3,False
55,+++--++--++++-+,12,2349,0.00469800,0.00451223,0.00489138,3,0_1:3,identified_unknot:3,False
56,+++++++++--++++,12,2323,0.00464600,0.00446128,0.00483833,3,0_1:3,identified_unknot:3,False
57,+++++-+---++-++,12,2316,0.00463200,0.00444756,0.00482405,3,0_1:3,identified_unknot:3,False
58,+++++++-----++-,12,2310,0.00462000,0.00443580,0.00481181,3,0_1:3,identified_unknot:3,False
59,+++++--+++++++-,12,2308,0.00461600,0.00443188,0.00480773,3,0_1:3,identified_unknot:3,False
60,+++++-+---+++++,12,2305,0.00461000,0.00442601,0.00480161,3,0_1:3,identified_unknot:3,False
61,+++++-++-+++-+-,12,2294,0.00458800,0.00440445,0.00477916,3,0_1:3,identified_unknot:3,False
62,+++++--+++--+-+,12,2293,0.00458600,0.00440249,0.00477712,3,0_1:3,identified_unknot:3,False
63,+++++---++-+++-,12,2290,0.00458000,0.00439661,0.00477100,3,0_1:3,identified_unknot:3,False
64,++++++++--+++-+,12,2280,0.00456000,0.00437702,0.00475059,3,0_1:3,identified_unknot:3,False
65,++++----+-++++-,12,2273,0.00454600,0.00436331,0.00473631,3,0_1:3,identified_unknot:3,False
66,++++---++--+++-,12,2272,0.00454400,0.00436135,0.00473426,3,0_1:3,identified_unknot:3,False
67,++++++++--+++++,12,2261,0.00452200,0.00433980,0.00471182,3,0_1:3,identified_unknot:3,False
68,+++++---+-++++-,12,2256,0.00451200,0.00433000,0.00470161,3,0_1:3,identified_unknot:3,False
69,+++++-++++--+-+,12,2255,0.00451000,0.00432804,0.00469957,3,0_1:3,identified_unknot:3,False
70,+++--+---++++-+,12,2254,0.00450800,0.00432608,0.00469753,3,0_1:3,identified_unknot:3,False
71,+++--+++--+++-+,12,2249,0.00449800,0.00431629,0.00468732,3,0_1:3,identified_unknot:3,False
72,++++---+++--+-+,12,2246,0.00449200,0.00431041,0.00468120,3,0_1:3,identified_unknot:3,False
73,+++++---+--+++-,12,2242,0.00448400,0.00430258,0.00467304,3,0_1:3,identified_unknot:3,False
74,+++++-++++++-+-,12,2241,0.00448200,0.00430062,0.00467100,3,0_1:3,identified_unknot:3,False
75,+++++-++++++---,12,2241,0.00448200,0.00430062,0.00467100,3,0_1:3,identified_unknot:3,False
76,+++++---++++++-,12,2240,0.00448000,0.00429866,0.00466895,3,0_1:3,identified_unknot:3,False
77,++++--++-+--+-+,12,2233,0.00446600,0.00428495,0.00465467,3,0_1:3,identified_unknot:3,False
78,+++--++++--++-+,12,2233,0.00446600,0.00428495,0.00465467,3,0_1:3,identified_unknot:3,False
79,++++++++----++-,12,2230,0.00446000,0.00427907,0.00464854,3,0_1:3,identified_unknot:3,False
80,++++---+++++++-,12,2228,0.00445600,0.00427515,0.00464446,3,0_1:3,identified_unknot:3,False
81,+++++-+----+++-,12,2227,0.00445400,0.00427320,0.00464242,3,0_1:3,identified_unknot:3,False
82,++++--++-+--+--,12,2222,0.00444400,0.00426340,0.00463221,3,0_1:3,identified_unknot:3,False
83,+++++-+++++----,12,2221,0.00444200,0.00426144,0.00463017,3,0_1:3,identified_unknot:3,False
84,+++++-++-+--+--,12,2221,0.00444200,0.00426144,0.00463017,3,0_1:3,identified_unknot:3,False
85,+++++--+++-+++-,12,2221,0.00444200,0.00426144,0.00463017,3,0_1:3,identified_unknot:3,False
86,+++++-----++-++,12,2221,0.00444200,0.00426144,0.00463017,3,0_1:3,identified_unknot:3,False
87,++++----+--+++-,12,2220,0.00444000,0.00425948,0.00462813,3,0_1:3,identified_unknot:3,False
88,+++++-----+++++,12,2219,0.00443800,0.00425753,0.00462609,3,0_1:3,identified_unknot:3,False
89,+++--+++-++++-+,12,2219,0.00443800,0.00425753,0.00462609,3,0_1:3,identified_unknot:3,False
90,+++++-----++++-,12,2218,0.00443600,0.00425557,0.00462405,3,0_1:3,identified_unknot:3,False
91,+++--+---++++--,12,2217,0.00443400,0.00425361,0.00462201,3,0_1:3,identified_unknot:3,False
92,+++++------+++-,12,2213,0.00442600,0.00424577,0.00461384,3,0_1:3,identified_unknot:3,False
93,++++++++----+++,12,2210,0.00442000,0.00423990,0.00460772,3,0_1:3,identified_unknot:3,False
94,+++++++++-+++-+,12,2208,0.00441600,0.00423598,0.00460363,3,0_1:3,identified_unknot:3,False
95,++++---++---+-+,12,2206,0.00441200,0.00423206,0.00459955,3,0_1:3,identified_unknot:3,False
96,++++--++++--+-+,12,2203,0.00440600,0.00422619,0.00459343,3,0_1:3,identified_unknot:3,False
97,+++---+++-+++-+,12,2199,0.00439800,0.00421835,0.00458526,3,0_1:3,identified_unknot:3,False
98,+++++-+----++++,12,2198,0.00439600,0.00421640,0.00458322,3,0_1:3,identified_unknot:3,False
99,+++---++-++++-+,12,2194,0.00438800,0.00420856,0.00457505,3,0_1:3,identified_unknot:3,False
100,++++++--++++++-,12,2193,0.00438600,0.00420660,0.00457301,3,0_1:3,identified_unknot:3,False
101,+++--+++-+-++-+,12,2192,0.00438400,0.00420465,0.00457097,3,0_1:3,identified_unknot:3,False
102,++++---+++-+++-,12,2189,0.00437800,0.00419877,0.00456485,3,0_1:3,identified_unknot:3,False
103,+++++++++-+++++,12,2188,0.00437600,0.00419681,0.00456280,3,0_1:3,identified_unknot:3,False
104,++++++++-----+-,12,2187,0.00437400,0.00419485,0.00456076,3,0_1:3,identified_unknot:3,False
105,++++++--++-+++-,12,2187,0.00437400,0.00419485,0.00456076,3,0_1:3,identified_unknot:3,False
106,+++---+++++++-+,12,2184,0.00436800,0.00418898,0.00455464,3,0_1:3,identified_unknot:3,False
107,+++++-++-+--+-+,12,2181,0.00436200,0.00418310,0.00454851,3,0_1:3,identified_unknot:3,False
108,+++++++++----+-,12,2178,0.00435600,0.00417723,0.00454239,3,0_1:3,identified_unknot:3,False
109,++++++++---++++,12,2175,0.00435000,0.00417135,0.00453626,3,0_1:3,identified_unknot:3,False
110,++++---++-++++-,12,2174,0.00434800,0.00416940,0.00453422,3,0_1:3,identified_unknot:3,False
111,+++++++++---+++,12,2168,0.00433600,0.00415765,0.00452197,3,0_1:3,identified_unknot:3,False
112,+++--+++---++-+,12,2168,0.00433600,0.00415765,0.00452197,3,0_1:3,identified_unknot:3,False
113,+++--++++-+++-+,12,2167,0.00433400,0.00415569,0.00451993,3,0_1:3,identified_unknot:3,False
114,+++++++++----++,12,2074,0.00414800,0.00397362,0.00433000,3,0_1:3,identified_unknot:3,False
115,++++++--++--+++,2,1906,0.00381200,0.00364496,0.00398666,3,0_1:3,identified_unknot:3,False
116,++--++-++-+--++,2,1875,0.00375000,0.00358435,0.00392327,3,0_1:3,identified_unknot:3,False
117,+-++-++--+-++-+,2,1856,0.00371200,0.00354721,0.00388442,3,3_1:3,identified_nontrivial:3,False
118,++-++++++--+-++,12,249,0.00049800,0.00043988,0.00056380,3,0_1:3,identified_unknot:3,False
119,+++++++---+++++,12,247,0.00049400,0.00043613,0.00055955,3,0_1:3,identified_unknot:3,False
120,+++++--+++++-+-,12,241,0.00048200,0.00042488,0.00054680,3,0_1:3,identified_unknot:3,False
121,+++++---++++--+,12,239,0.00047800,0.00042113,0.00054255,3,0_1:3,identified_unknot:3,False
122,+++++++----++++,12,233,0.00046600,0.00040989,0.00052978,3,0_1:3,identified_unknot:3,False
123,+++-+++--++++-+,12,231,0.00046200,0.00040615,0.00052553,3,0_1:3,identified_unknot:3,False
124,+++-+++----++++,12,226,0.00045200,0.00039680,0.00051488,3,0_1:3,identified_unknot:3,False
125,+++++--+++++---,12,224,0.00044800,0.00039306,0.00051062,3,0_1:3,identified_unknot:3,False
126,+++++---++++---,12,223,0.00044600,0.00039119,0.00050849,3,0_1:3,identified_unknot:3,False
127,++++++---+++++-,12,222,0.00044400,0.00038932,0.00050636,3,0_1:3,identified_unknot:3,False
128,+++++---+-++-+-,12,221,0.00044200,0.00038745,0.00050423,3,0_1:3,identified_unknot:3,False
129,++++---+++++-+-,12,221,0.00044200,0.00038745,0.00050423,3,0_1:3,identified_unknot:3,False
130,+++++---+-++--+,12,219,0.00043800,0.00038371,0.00049996,3,0_1:3,identified_unknot:3,False
131,++-+-+-+-++---+,12,218,0.00043600,0.00038185,0.00049783,3,0_1:3,identified_unknot:3,False
132,+++++--++++---+,12,207,0.00041400,0.00036132,0.00047435,3,0_1:3,identified_unknot:3,False
133,+++++--++++----,12,206,0.00041200,0.00035946,0.00047222,3,0_1:3,identified_unknot:3,False
134,+++-+++----+++-,12,204,0.00040800,0.00035573,0.00046795,3,0_1:3,identified_unknot:3,False
135,+++-+++--+-+++-,12,200,0.00040000,0.00034828,0.00045940,3,0_1:3,identified_unknot:3,False
136,+++++---+-++-++,12,196,0.00039200,0.00034084,0.00045084,3,0_1:3,identified_unknot:3,False
137,++++---++-++-+-,12,194,0.00038800,0.00033712,0.00044656,3,0_1:3,identified_unknot:3,False
138,+++++++----+++-,12,187,0.00037400,0.00032411,0.00043157,3,0_1:3,identified_unknot:3,False
139,+++++---++++-+-,12,186,0.00037200,0.00032225,0.00042943,3,0_1:3,identified_unknot:3,False
140,+++-+++--+-++--,6,130,0.00026000,0.00021899,0.00030869,3,0_1:3,identified_unknot:3,False
141,++-++++++-+++-+,6,123,0.00024600,0.00020620,0.00029348,3,0_1:3,identified_unknot:3,False
142,+++-+++---+++-+,6,121,0.00024200,0.00020256,0.00028912,3,0_1:3,identified_unknot:3,False
143,++-+-+-+--+---+,6,121,0.00024200,0.00020256,0.00028912,3,0_1:3,identified_unknot:3,False
144,+++++++---+++-+,6,117,0.00023400,0.00019527,0.00028041,3,0_1:3,identified_unknot:3,False
145,++-++++++-+++++,6,113,0.00022600,0.00018800,0.00027168,3,0_1:3,identified_unknot:3,False
146,++++++----+++++,6,107,0.00021400,0.00017711,0.00025856,3,0_1:3,identified_unknot:3,False
147,++--+-+++--+-++,6,107,0.00021400,0.00017711,0.00025856,3,0_1:3,identified_unknot:3,False
148,++++++---+-+++-,6,104,0.00020800,0.00017168,0.00025200,3,0_1:3,identified_unknot:3,False
149,++--+-+++--+--+,6,104,0.00020800,0.00017168,0.00025200,3,0_1:3,identified_unknot:3,False
150,++++++----++++-,6,103,0.00020600,0.00016988,0.00024980,3,0_1:3,identified_unknot:3,False
151,++--+++++--+-++,6,103,0.00020600,0.00016988,0.00024980,3,0_1:3,identified_unknot:3,False
152,++--+-+++--++-+,6,99,0.00019800,0.00016265,0.00024103,3,0_1:3,identified_unknot:3,False
153,+++-++---+-+++-,6,98,0.00019600,0.00016085,0.00023883,3,0_1:3,identified_unknot:3,False
154,++-++++++--++++,6,96,0.00019200,0.00015724,0.00023443,3,0_1:3,identified_unknot:3,False
155,+++-+++--+-++-+,6,93,0.00018600,0.00015185,0.00022783,3,0_1:3,identified_unknot:3,False
